order_id,order_date,customer_name,category,quantity,unit_price,sales,payment_method
1001,2026-06-13,Customer_7,Electronics,3,1215.28,3645.84,Card
1002,2026-07-08,Customer_174,Electronics,5,528.18,2640.9,Net Banking
1003,2026-01-09,Customer_24,Electronics,2,1162.07,2324.14,UPI
1004,2026-05-24,Customer_184,Clothing,5,1974.91,9874.55,Net Banking
1005,2026-05-31,Customer_208,Home & Kitchen,1,3450.81,3450.81,Card
1006,2026-06-28,Customer_88,Sports,3,826.34,2479.02,Cash
1007,2026-01-27,Customer_98,Electronics,1,1711.56,1711.56,Cash
1008,2026-06-04,Customer_207,Home & Kitchen,1,3324.33,3324.33,UPI
1009,2026-04-07,Customer_142,Electronics,3,3757.91,11273.73,Cash
1010,2026-05-28,Customer_181,Clothing,1,349.34,349.34,Card
1011,2026-07-17,Customer_21,Home & Kitchen,2,3919.2,7838.4,Net Banking
1012,2026-03-13,Customer_163,Sports,3,857.55,2572.65,Cash
1013,2026-02-23,Customer_69,Books,1,2799.72,2799.72,Card
1014,2026-05-17,Customer_63,Books,2,2160.83,4321.66,Cash
1015,2026-06-13,Customer_143,Books,2,3128.07,6256.14,UPI
1016,2026-02-28,Customer_207,Electronics,3,1895.07,5685.21,UPI
1017,2026-02-24,Customer_184,Beauty,3,1074.93,3224.79,Net Banking
1018,2026-04-12,Customer_118,Books,2,1302.23,2604.46,Card
1019,2026-07-10,Customer_138,Beauty,3,3399.51,10198.53,Net Banking
1020,2026-05-30,Customer_93,Sports,2,4488.37,8976.74,Card
1021,2026-05-11,Customer_24,Sports,1,3895.8,3895.8,Card
1022,2026-06-10,Customer_203,Clothing,4,2744.38,10977.52,Net Banking
1023,2026-04-08,Customer_120,Beauty,5,1243.65,6218.25,UPI
1024,2026-06-24,Customer_30,Books,5,3416.32,17081.6,Cash
1025,2026-01-29,Customer_112,Home & Kitchen,2,2123.7,4247.4,Cash
1026,2026-05-09,Customer_130,Clothing,1,3936.76,3936.76,Cash
1027,2026-08-04,Customer_130,Books,5,1015.26,5076.3,Cash
1028,2026-07-15,Customer_139,Clothing,5,4145.45,20727.25,Cash
1029,2026-05-06,Customer_29,Electronics,3,3972.44,11917.32,Cash
1030,2026-03-03,Customer_62,Electronics,5,4269.23,21346.15,UPI
1031,2026-07-07,Customer_209,Sports,1,4404.23,4404.23,Card
1032,2026-02-02,Customer_122,Books,5,868.3,4341.5,Net Banking
1033,2026-02-24,Customer_194,Beauty,2,3251.33,6502.66,Net Banking
1034,2026-06-21,Customer_96,Books,4,4063.32,16253.28,Net Banking
1035,2026-01-31,Customer_58,Clothing,1,1620.67,1620.67,Card
1036,2026-05-31,Customer_2,Clothing,1,3229.11,3229.11,UPI
1037,2026-02-28,Customer_9,Electronics,3,458.23,1374.69,Card
1038,2026-03-13,Customer_125,Books,2,2495.67,4991.34,Net Banking
1039,2026-03-04,Customer_207,Sports,4,978.28,3913.12,UPI
1040,2026-06-18,Customer_91,Sports,4,1938.29,7753.16,UPI
1041,2026-06-22,Customer_166,Books,1,413.67,413.67,Cash
1042,2026-07-24,Customer_64,Electronics,2,977.41,1954.82,Net Banking
1043,2026-02-05,Customer_47,Sports,3,2162.43,6487.29,UPI
1044,2026-04-24,Customer_26,Beauty,1,2986.83,2986.83,UPI
1045,2026-01-24,Customer_43,Clothing,4,2262.54,9050.16,Card
1046,2026-08-10,Customer_16,Sports,2,1798.53,3597.06,Net Banking
1047,2026-03-09,Customer_74,Sports,4,3180.17,12720.68,Net Banking
1048,2026-02-09,Customer_76,Clothing,2,4363.89,8727.78,UPI
1049,2026-07-11,Customer_15,Home & Kitchen,1,2691.17,2691.17,Card
1050,2026-01-15,Customer_21,Beauty,2,448.07,896.14,UPI
1051,2026-06-22,Customer_104,Clothing,1,4245.94,4245.94,Card
1052,2026-05-29,Customer_11,Beauty,5,506.63,2533.15,Cash
1053,2026-03-08,Customer_172,Clothing,3,1188.28,3564.84,Net Banking
1054,2026-02-03,Customer_166,Books,3,2138.93,6416.79,UPI
1055,2026-01-03,Customer_160,Sports,5,4483.02,22415.1,UPI
1056,2026-05-18,Customer_130,Clothing,3,726.19,2178.57,Cash
1057,2026-01-18,Customer_95,Clothing,3,836.2,2508.6,Cash
1058,2026-06-06,Customer_136,Books,1,3055.2,3055.2,Cash
1059,2026-06-19,Customer_35,Electronics,3,652.11,1956.33,UPI
1060,2026-07-10,Customer_40,Beauty,3,1375.64,4126.92,Card
1061,2026-07-03,Customer_53,Home & Kitchen,3,2348.53,7045.59,Cash
1062,2026-08-05,Customer_24,Electronics,4,3757.66,15030.64,UPI
1063,2026-01-01,Customer_198,Home & Kitchen,2,2921.44,5842.88,Cash
1064,2026-02-11,Customer_114,Books,5,3219.65,16098.25,UPI
1065,2026-01-29,Customer_177,Electronics,2,2523.32,5046.64,Cash
1066,2026-05-30,Customer_38,Beauty,4,704.39,2817.56,Cash
1067,2026-04-04,Customer_92,Electronics,2,3116.99,6233.98,UPI
1068,2026-04-01,Customer_105,Beauty,5,3410.23,17051.15,Card
1069,2026-08-10,Customer_205,Clothing,2,3984.16,7968.32,UPI
1070,2026-02-15,Customer_86,Books,4,3639.72,14558.88,Card
1071,2026-03-10,Customer_202,Clothing,1,1814.06,1814.06,UPI
1072,2026-08-08,Customer_57,Sports,2,3702.15,7404.3,Net Banking
1073,2026-03-31,Customer_211,Home & Kitchen,2,1119.72,2239.44,Card
1074,2026-04-13,Customer_72,Home & Kitchen,1,4355.97,4355.97,Cash
1075,2026-03-31,Customer_131,Books,4,3105.9,12423.6,Cash
1076,2026-01-08,Customer_67,Electronics,2,2675.57,5351.14,Cash
1077,2026-01-10,Customer_153,Electronics,4,1653.74,6614.96,Cash
1078,2026-04-22,Customer_131,Beauty,1,1825.6,1825.6,Card
1079,2026-03-07,Customer_182,Electronics,4,157.36,629.44,Card
1080,2026-04-04,Customer_18,Sports,3,2860.73,8582.19,UPI
1081,2026-07-04,Customer_130,Home & Kitchen,3,3050.98,9152.94,Cash
1082,2026-04-14,Customer_76,Books,5,703.7,3518.5,Net Banking
1083,2026-06-20,Customer_174,Sports,2,2827.49,5654.98,Cash
1084,2026-04-14,Customer_214,Beauty,1,1471.86,1471.86,Card
1085,2026-04-21,Customer_156,Beauty,3,2172.7,6518.1,Net Banking
1086,2026-06-22,Customer_131,Clothing,4,3602.75,14411.0,Card
1087,2026-06-18,Customer_73,Electronics,5,3037.76,15188.8,Cash
1088,2026-01-24,Customer_173,Clothing,3,1127.19,3381.57,Card
1089,2026-02-07,Customer_12,Electronics,2,4430.12,8860.24,UPI
1090,2026-04-27,Customer_162,Sports,5,995.79,4978.95,Net Banking
1091,2026-05-07,Customer_63,Sports,2,3003.85,6007.7,UPI
1092,2026-07-12,Customer_200,Electronics,4,1101.96,4407.84,Net Banking
1093,2026-01-13,Customer_64,Beauty,1,2135.61,2135.61,Net Banking
1094,2026-06-20,Customer_144,Beauty,5,1530.25,7651.25,Net Banking
1095,2026-06-06,Customer_130,Books,4,3762.98,15051.92,Net Banking
1096,2026-02-10,Customer_122,Books,4,1277.48,5109.92,Card
1097,2026-08-04,Customer_71,Books,5,2258.0,11290.0,Card
1098,2026-03-12,Customer_20,Sports,3,1170.05,3510.15,Cash
1099,2026-03-23,Customer_21,Beauty,2,806.11,1612.22,Net Banking
1100,2026-06-27,Customer_181,Clothing,2,429.4,858.8,Net Banking
1101,2026-03-26,Customer_120,Beauty,4,420.86,1683.44,Net Banking
1102,2026-04-10,Customer_179,Beauty,1,3876.78,3876.78,Net Banking
1103,2026-05-03,Customer_91,Electronics,3,3427.62,10282.86,Net Banking
1104,2026-05-18,Customer_189,Books,5,3629.43,18147.15,Card
1105,2026-05-05,Customer_70,Clothing,4,2262.54,9050.16,Net Banking
1106,2026-03-28,Customer_174,Books,4,3300.19,13200.76,Net Banking
1107,2026-02-02,Customer_137,Beauty,1,4095.14,4095.14,UPI
1108,2026-01-22,Customer_110,Books,2,3920.8,7841.6,Card
1109,2026-01-13,Customer_98,Home & Kitchen,3,1070.72,3212.16,Cash
1110,2026-03-28,Customer_72,Sports,4,1247.38,4989.52,UPI
1111,2026-05-01,Customer_192,Electronics,5,376.57,1882.85,Cash
1112,2026-02-27,Customer_18,Books,1,3430.91,3430.91,Card
1113,2026-02-21,Customer_160,Electronics,2,1187.67,2375.34,Net Banking
1114,2026-06-21,Customer_145,Electronics,2,2172.9,4345.8,Cash
1115,2026-07-16,Customer_43,Home & Kitchen,5,2791.53,13957.65,UPI
1116,2026-07-19,Customer_80,Clothing,1,2667.28,2667.28,Cash
1117,2026-05-28,Customer_97,Books,4,4245.4,16981.6,Card
1118,2026-01-20,Customer_177,Beauty,2,593.27,1186.54,Cash
1119,2026-08-06,Customer_154,Books,1,3613.59,3613.59,UPI
1120,2026-03-30,Customer_110,Beauty,3,449.96,1349.88,Cash
1121,2026-01-04,Customer_211,Sports,4,609.09,2436.36,Cash
1122,2026-06-12,Customer_182,Sports,2,2044.37,4088.74,Cash
1123,2026-06-07,Customer_199,Beauty,4,2172.2,8688.8,Cash
1124,2026-03-24,Customer_213,Clothing,1,1363.34,1363.34,Net Banking
1125,2026-03-04,Customer_146,Sports,5,3056.62,15283.1,Cash
1126,2026-01-08,Customer_218,Sports,3,941.0,2823.0,Card
1127,2026-04-01,Customer_88,Home & Kitchen,3,3979.39,11938.17,Cash
1128,2026-05-23,Customer_133,Electronics,2,522.42,1044.84,Net Banking
1129,2026-05-06,Customer_195,Beauty,2,3154.15,6308.3,Net Banking
1130,2026-04-25,Customer_24,Electronics,3,1113.94,3341.82,Card
1131,2026-03-20,Customer_149,Books,3,2208.68,6626.04,Cash
1132,2026-04-19,Customer_141,Books,3,1680.38,5041.14,Net Banking
1133,2026-03-11,Customer_65,Home & Kitchen,2,674.85,1349.7,Card
1134,2026-03-22,Customer_191,Electronics,5,4286.32,21431.6,Card
1135,2026-02-19,Customer_190,Clothing,4,1352.77,5411.08,Cash
1136,2026-01-26,Customer_76,Clothing,2,1719.83,3439.66,Cash
1137,2026-01-04,Customer_137,Books,2,1343.25,2686.5,UPI
1138,2026-05-22,Customer_179,Home & Kitchen,2,2924.73,5849.46,Net Banking
1139,2026-01-27,Customer_147,Electronics,3,2191.88,6575.64,Net Banking
1140,2026-03-29,Customer_14,Clothing,3,4243.63,12730.89,Net Banking
1141,2026-01-30,Customer_103,Electronics,4,472.26,1889.04,UPI
1142,2026-02-08,Customer_208,Clothing,5,4278.7,21393.5,UPI
1143,2026-03-05,Customer_143,Electronics,4,2787.48,11149.92,Card
1144,2026-07-18,Customer_98,Beauty,4,4101.99,16407.96,Cash
1145,2026-08-09,Customer_110,Beauty,3,2623.54,7870.62,UPI
1146,2026-06-06,Customer_26,Books,2,2870.99,5741.98,Cash
1147,2026-06-19,Customer_41,Electronics,2,906.09,1812.18,UPI
1148,2026-02-10,Customer_105,Electronics,4,3148.76,12595.04,Net Banking
1149,2026-03-16,Customer_60,Electronics,3,3225.26,9675.78,Net Banking
1150,2026-01-19,Customer_60,Books,3,3577.05,10731.15,Card
1151,2026-04-19,Customer_140,Electronics,2,2967.21,5934.42,Cash
1152,2026-07-31,Customer_19,Clothing,1,871.76,871.76,Cash
1153,2026-06-02,Customer_212,Books,5,4157.19,20785.95,Net Banking
1154,2026-02-01,Customer_177,Sports,3,3193.84,9581.52,Cash
1155,2026-05-09,Customer_127,Beauty,4,499.92,1999.68,UPI
1156,2026-04-21,Customer_83,Books,5,1239.1,6195.5,UPI
1157,2026-02-28,Customer_215,Books,5,2703.98,13519.9,UPI
1158,2026-07-15,Customer_211,Books,3,2656.67,7970.01,Card
1159,2026-05-01,Customer_167,Beauty,4,4134.92,16539.68,Card
1160,2026-05-30,Customer_163,Sports,4,4365.39,17461.56,Net Banking
1161,2026-03-31,Customer_86,Sports,3,3065.08,9195.24,Card
1162,2026-03-26,Customer_178,Sports,4,1403.75,5615.0,Net Banking
1163,2026-07-28,Customer_10,Beauty,4,533.06,2132.24,Cash
1164,2026-03-24,Customer_198,Electronics,4,3912.36,15649.44,UPI
1165,2026-06-18,Customer_119,Beauty,4,385.79,1543.16,Cash
1166,2026-06-09,Customer_161,Sports,4,3455.96,13823.84,Card
1167,2026-03-10,Customer_34,Beauty,3,2055.81,6167.43,Net Banking
1168,2026-02-01,Customer_162,Electronics,5,3627.01,18135.05,Card
1169,2026-03-21,Customer_4,Beauty,5,1924.76,9623.8,Card
1170,2026-08-04,Customer_119,Electronics,1,2967.54,2967.54,Card
1171,2026-05-08,Customer_75,Books,5,3218.54,16092.7,Net Banking
1172,2026-08-02,Customer_121,Sports,2,2137.02,4274.04,Card
1173,2026-04-09,Customer_154,Clothing,5,3396.37,16981.85,Card
1174,2026-08-10,Customer_71,Electronics,4,1628.46,6513.84,Cash
1175,2026-07-30,Customer_73,Electronics,3,3793.02,11379.06,Net Banking
1176,2026-08-10,Customer_115,Clothing,5,2256.89,11284.45,Cash
1177,2026-05-22,Customer_97,Beauty,4,4207.91,16831.64,Card
1178,2026-06-28,Customer_147,Clothing,4,1166.0,4664.0,Net Banking
1179,2026-01-12,Customer_191,Home & Kitchen,4,3217.74,12870.96,Net Banking
1180,2026-04-09,Customer_203,Books,2,2304.68,4609.36,UPI
1181,2026-02-02,Customer_152,Beauty,3,3933.2,11799.6,Net Banking
1182,2026-01-26,Customer_117,Beauty,1,3292.63,3292.63,Net Banking
1183,2026-08-11,Customer_40,Books,1,2192.28,2192.28,Cash
1184,2026-03-28,Customer_178,Beauty,4,2976.79,11907.16,Cash
1185,2026-08-07,Customer_220,Books,5,1803.04,9015.2,Cash
1186,2026-06-10,Customer_195,Books,4,3944.87,15779.48,UPI
1187,2026-06-08,Customer_61,Electronics,3,4488.8,13466.4,UPI
1188,2026-04-22,Customer_195,Electronics,1,2080.0,2080.0,Cash
1189,2026-01-08,Customer_84,Electronics,1,1426.15,1426.15,Cash
1190,2026-04-21,Customer_63,Clothing,5,1942.43,9712.15,Card
1191,2026-02-13,Customer_21,Clothing,5,3938.15,19690.75,Card
1192,2026-05-08,Customer_37,Beauty,2,2156.0,4312.0,Cash
1193,2026-04-28,Customer_171,Home & Kitchen,1,4060.25,4060.25,Net Banking
1194,2026-03-15,Customer_140,Books,2,471.3,942.6,Cash
1195,2026-05-31,Customer_164,Home & Kitchen,4,3152.86,12611.44,Net Banking
1196,2026-08-05,Customer_51,Home & Kitchen,4,3862.01,15448.04,UPI
1197,2026-03-02,Customer_147,Sports,3,2650.43,7951.29,Cash
1198,2026-01-06,Customer_102,Books,3,185.23,555.69,UPI
1199,2026-06-05,Customer_128,Books,3,3524.47,10573.41,Card
1200,2026-06-05,Customer_57,Home & Kitchen,2,2850.88,5701.76,Card
1201,2026-06-10,Customer_161,Electronics,1,1493.86,1493.86,Net Banking
1202,2026-01-09,Customer_94,Beauty,2,542.08,1084.16,Cash
1203,2026-03-25,Customer_107,Books,2,1023.46,2046.92,Cash
1204,2026-05-16,Customer_70,Beauty,2,1267.82,2535.64,Net Banking
1205,2026-07-26,Customer_192,Home & Kitchen,3,3648.41,10945.23,Net Banking
1206,2026-01-20,Customer_194,Clothing,2,3891.61,7783.22,Net Banking
1207,2026-08-05,Customer_94,Beauty,1,3589.47,3589.47,UPI
1208,2026-03-09,Customer_32,Beauty,4,1753.35,7013.4,Cash
1209,2026-05-30,Customer_211,Sports,3,621.31,1863.93,Card
1210,2026-05-01,Customer_159,Electronics,5,1576.83,7884.15,Card
1211,2026-06-15,Customer_163,Electronics,4,4105.84,16423.36,Cash
1212,2026-06-16,Customer_30,Sports,2,347.26,694.52,UPI
1213,2026-03-19,Customer_30,Sports,1,1171.38,1171.38,Card
1214,2026-04-10,Customer_95,Sports,5,1973.2,9866.0,Card
1215,2026-04-17,Customer_26,Books,4,2828.09,11312.36,Cash
1216,2026-01-09,Customer_95,Books,2,2078.72,4157.44,Card
1217,2026-08-07,Customer_26,Home & Kitchen,3,2518.43,7555.29,Cash
1218,2026-01-16,Customer_71,Sports,2,4361.7,8723.4,Net Banking
1219,2026-01-24,Customer_55,Books,5,4374.26,21871.3,UPI
1220,2026-07-21,Customer_63,Home & Kitchen,2,3573.35,7146.7,Card
1221,2026-01-18,Customer_54,Beauty,5,1089.39,5446.95,Card
1222,2026-03-26,Customer_202,Clothing,5,162.33,811.65,Card
1223,2026-02-03,Customer_65,Beauty,2,628.18,1256.36,UPI
1224,2026-02-03,Customer_92,Electronics,2,2711.51,5423.02,UPI
1225,2026-02-14,Customer_14,Home & Kitchen,2,3376.47,6752.94,UPI
1226,2026-07-10,Customer_122,Electronics,4,3534.37,14137.48,UPI
1227,2026-04-26,Customer_57,Beauty,5,338.64,1693.2,Cash
1228,2026-04-28,Customer_8,Books,1,4493.85,4493.85,Net Banking
1229,2026-04-20,Customer_28,Books,4,3248.95,12995.8,Net Banking
1230,2026-01-19,Customer_83,Electronics,5,795.25,3976.25,Card
1231,2026-03-12,Customer_163,Beauty,5,2535.35,12676.75,Cash
1232,2026-04-08,Customer_136,Beauty,3,2123.66,6370.98,Net Banking
1233,2026-01-26,Customer_30,Books,5,3285.65,16428.25,Card
1234,2026-04-21,Customer_59,Sports,4,1624.35,6497.4,Net Banking
1235,2026-04-13,Customer_187,Sports,1,1509.59,1509.59,Cash
1236,2026-06-20,Customer_96,Home & Kitchen,2,3137.67,6275.34,Net Banking
1237,2026-01-18,Customer_213,Electronics,1,555.55,555.55,UPI
1238,2026-07-10,Customer_96,Books,2,2570.21,5140.42,Cash
1239,2026-06-21,Customer_106,Electronics,3,3950.19,11850.57,Net Banking
1240,2026-08-11,Customer_14,Books,3,2761.78,8285.34,Cash
1241,2026-01-27,Customer_130,Beauty,2,823.08,1646.16,Net Banking
1242,2026-02-27,Customer_90,Electronics,5,1748.89,8744.45,Cash
1243,2026-05-27,Customer_207,Clothing,4,3826.42,15305.68,UPI
1244,2026-06-05,Customer_213,Books,3,275.95,827.85,Cash
1245,2026-06-29,Customer_87,Home & Kitchen,3,176.56,529.68,Card
1246,2026-05-25,Customer_103,Books,1,767.15,767.15,UPI
1247,2026-01-24,Customer_136,Books,2,1786.45,3572.9,Net Banking
1248,2026-03-29,Customer_95,Clothing,3,3288.94,9866.82,UPI
1249,2026-01-14,Customer_41,Clothing,5,366.47,1832.35,UPI
1250,2026-03-11,Customer_170,Sports,4,2262.63,9050.52,Net Banking
1251,2026-04-17,Customer_56,Home & Kitchen,5,645.11,3225.55,Net Banking
1252,2026-01-29,Customer_174,Home & Kitchen,5,2266.85,11334.25,Cash
1253,2026-01-12,Customer_102,Clothing,5,388.3,1941.5,Card
1254,2026-03-19,Customer_197,Clothing,2,3474.1,6948.2,Cash
1255,2026-03-25,Customer_2,Electronics,4,3399.51,13598.04,Card
1256,2026-02-03,Customer_137,Sports,2,2326.14,4652.28,Cash
1257,2026-01-19,Customer_190,Sports,1,2047.56,2047.56,Net Banking
1258,2026-01-20,Customer_148,Home & Kitchen,4,2644.29,10577.16,Net Banking
1259,2026-03-16,Customer_104,Electronics,1,4352.97,4352.97,Card
1260,2026-07-25,Customer_118,Beauty,3,533.36,1600.08,UPI
1261,2026-03-04,Customer_151,Sports,4,2429.24,9716.96,Net Banking
1262,2026-08-11,Customer_191,Home & Kitchen,3,1113.84,3341.52,Card
1263,2026-01-20,Customer_163,Beauty,1,2458.13,2458.13,Card
1264,2026-07-18,Customer_90,Home & Kitchen,2,1177.77,2355.54,Card
1265,2026-03-07,Customer_45,Clothing,5,814.98,4074.9,UPI
1266,2026-02-15,Customer_127,Books,4,3431.84,13727.36,Net Banking
1267,2026-06-24,Customer_165,Beauty,5,1555.96,7779.8,Cash
1268,2026-02-08,Customer_18,Sports,4,2073.61,8294.44,Cash
1269,2026-07-23,Customer_152,Home & Kitchen,1,1680.95,1680.95,UPI
1270,2026-03-21,Customer_116,Sports,1,397.47,397.47,Cash
1271,2026-01-20,Customer_219,Books,1,2825.29,2825.29,Net Banking
1272,2026-04-29,Customer_142,Beauty,1,2106.34,2106.34,Card
1273,2026-03-24,Customer_122,Beauty,5,806.25,4031.25,UPI
1274,2026-04-26,Customer_208,Electronics,3,4423.38,13270.14,UPI
1275,2026-05-10,Customer_45,Books,1,1227.69,1227.69,Net Banking
1276,2026-04-23,Customer_134,Beauty,5,840.55,4202.75,Cash
1277,2026-03-14,Customer_105,Sports,3,3103.21,9309.63,UPI
1278,2026-07-22,Customer_166,Books,3,436.72,1310.16,UPI
1279,2026-05-23,Customer_99,Books,3,1246.18,3738.54,Card
1280,2026-03-27,Customer_150,Electronics,2,4137.85,8275.7,Cash
1281,2026-06-17,Customer_170,Books,4,710.94,2843.76,UPI
1282,2026-03-21,Customer_97,Beauty,3,3687.35,11062.05,UPI
1283,2026-06-15,Customer_109,Books,5,1723.95,8619.75,Cash
1284,2026-03-21,Customer_55,Clothing,3,4272.36,12817.08,Net Banking
1285,2026-02-19,Customer_36,Clothing,2,485.67,971.34,UPI
1286,2026-05-10,Customer_214,Beauty,5,314.2,1571.0,Cash
1287,2026-08-13,Customer_34,Beauty,5,1788.73,8943.65,Card
1288,2026-02-16,Customer_198,Books,5,3669.34,18346.7,Card
1289,2026-07-04,Customer_12,Sports,4,1734.7,6938.8,Card
1290,2026-04-24,Customer_73,Beauty,4,1167.91,4671.64,Card
1291,2026-03-21,Customer_214,Sports,2,1750.11,3500.22,Net Banking
1292,2026-04-29,Customer_200,Home & Kitchen,4,2337.64,9350.56,Net Banking
1293,2026-02-11,Customer_206,Clothing,5,752.03,3760.15,Cash
1294,2026-01-14,Customer_124,Books,3,2562.25,7686.75,UPI
1295,2026-07-02,Customer_218,Beauty,1,1390.02,1390.02,Card
1296,2026-03-11,Customer_132,Sports,2,3765.05,7530.1,UPI
1297,2026-02-26,Customer_90,Sports,1,1954.8,1954.8,Net Banking
1298,2026-05-09,Customer_61,Home & Kitchen,4,4476.19,17904.76,Cash
1299,2026-02-27,Customer_82,Electronics,1,3800.42,3800.42,Cash
1300,2026-07-22,Customer_36,Clothing,1,1397.93,1397.93,Net Banking
1301,2026-06-28,Customer_195,Clothing,4,2101.42,8405.68,UPI
1302,2026-01-21,Customer_66,Electronics,2,3782.09,7564.18,Net Banking
1303,2026-01-29,Customer_61,Home & Kitchen,3,680.04,2040.12,Card
1304,2026-04-18,Customer_204,Books,5,2138.44,10692.2,UPI
1305,2026-08-03,Customer_153,Sports,5,221.49,1107.45,Card
1306,2026-07-03,Customer_75,Clothing,4,156.8,627.2,Cash
1307,2026-03-03,Customer_107,Beauty,2,3040.02,6080.04,UPI
1308,2026-05-15,Customer_18,Home & Kitchen,5,2516.76,12583.8,UPI
1309,2026-04-10,Customer_12,Sports,4,4417.52,17670.08,Cash
1310,2026-07-11,Customer_92,Electronics,1,1649.89,1649.89,UPI
1311,2026-07-17,Customer_189,Beauty,3,730.33,2190.99,Cash
1312,2026-05-20,Customer_209,Home & Kitchen,2,3762.17,7524.34,Net Banking
1313,2026-06-28,Customer_162,Sports,2,3680.01,7360.02,UPI
1314,2026-07-03,Customer_10,Sports,3,1026.92,3080.76,Card
1315,2026-01-11,Customer_80,Home & Kitchen,5,1882.27,9411.35,Net Banking
1316,2026-03-06,Customer_193,Electronics,2,1394.58,2789.16,UPI
1317,2026-08-10,Customer_85,Books,3,691.47,2074.41,Cash
1318,2026-04-22,Customer_191,Sports,4,4041.67,16166.68,Net Banking
1319,2026-03-28,Customer_128,Clothing,4,1747.96,6991.84,Cash
1320,2026-07-25,Customer_187,Electronics,4,493.33,1973.32,Card
1321,2026-05-20,Customer_83,Home & Kitchen,1,498.3,498.3,Cash
1322,2026-03-20,Customer_155,Sports,4,874.9,3499.6,Net Banking
1323,2026-03-31,Customer_11,Sports,3,2824.6,8473.8,Net Banking
1324,2026-03-12,Customer_203,Books,1,476.43,476.43,Net Banking
1325,2026-04-04,Customer_206,Beauty,2,4294.63,8589.26,Card
1326,2026-08-06,Customer_174,Beauty,4,301.38,1205.52,UPI
1327,2026-03-02,Customer_94,Books,3,1815.42,5446.26,UPI
1328,2026-06-04,Customer_174,Clothing,4,4277.38,17109.52,Cash
1329,2026-04-24,Customer_147,Electronics,2,2453.15,4906.3,Net Banking
1330,2026-03-22,Customer_72,Books,2,4328.26,8656.52,UPI
1331,2026-07-08,Customer_128,Clothing,5,1833.4,9167.0,UPI
1332,2026-03-09,Customer_181,Home & Kitchen,4,1083.38,4333.52,Cash
1333,2026-06-27,Customer_52,Sports,1,740.42,740.42,UPI
1334,2026-04-26,Customer_183,Clothing,4,4488.09,17952.36,Cash
1335,2026-06-20,Customer_182,Home & Kitchen,1,2542.49,2542.49,Cash
1336,2026-03-18,Customer_183,Clothing,2,3602.58,7205.16,Card
1337,2026-02-01,Customer_203,Clothing,2,1179.8,2359.6,Net Banking
1338,2026-01-07,Customer_142,Home & Kitchen,5,1754.76,8773.8,Card
1339,2026-06-06,Customer_17,Electronics,3,1882.0,5646.0,Net Banking
1340,2026-05-15,Customer_197,Sports,4,3731.53,14926.12,UPI
1341,2026-02-02,Customer_165,Home & Kitchen,1,2107.39,2107.39,Cash
1342,2026-02-02,Customer_164,Beauty,5,941.54,4707.7,Card
1343,2026-04-21,Customer_15,Beauty,1,2403.74,2403.74,Cash
1344,2026-02-12,Customer_83,Clothing,2,1655.2,3310.4,Cash
1345,2026-08-05,Customer_65,Electronics,2,2912.5,5825.0,Cash
1346,2026-02-02,Customer_78,Books,5,2470.63,12353.15,Card
1347,2026-06-01,Customer_40,Beauty,2,3015.49,6030.98,Cash
1348,2026-08-04,Customer_11,Beauty,1,503.32,503.32,Cash
1349,2026-06-16,Customer_197,Clothing,5,1962.15,9810.75,UPI
1350,2026-05-08,Customer_140,Books,3,2942.3,8826.9,Cash
1351,2026-05-04,Customer_207,Clothing,4,1443.84,5775.36,UPI
1352,2026-06-26,Customer_41,Electronics,4,1957.95,7831.8,Net Banking
1353,2026-02-22,Customer_156,Home & Kitchen,2,1509.73,3019.46,Cash
1354,2026-07-07,Customer_103,Home & Kitchen,2,3458.89,6917.78,UPI
1355,2026-03-23,Customer_120,Clothing,1,1313.5,1313.5,Card
1356,2026-02-06,Customer_13,Electronics,3,4262.42,12787.26,Net Banking
1357,2026-03-05,Customer_209,Clothing,3,4211.82,12635.46,Cash
1358,2026-02-18,Customer_128,Clothing,5,2180.65,10903.25,Cash
1359,2026-05-08,Customer_24,Electronics,4,2348.68,9394.72,Card
1360,2026-02-25,Customer_91,Beauty,1,369.85,369.85,Net Banking
1361,2026-06-02,Customer_173,Books,4,1393.01,5572.04,UPI
1362,2026-08-05,Customer_111,Electronics,2,3988.68,7977.36,Cash
1363,2026-07-15,Customer_94,Sports,1,1892.53,1892.53,Card
1364,2026-04-03,Customer_74,Beauty,1,1830.62,1830.62,Net Banking
1365,2026-07-15,Customer_72,Beauty,5,3109.73,15548.65,UPI
1366,2026-02-02,Customer_101,Electronics,3,3607.8,10823.4,Cash
1367,2026-05-23,Customer_194,Home & Kitchen,2,1015.9,2031.8,Net Banking
1368,2026-05-09,Customer_12,Electronics,1,746.11,746.11,Cash
1369,2026-07-25,Customer_133,Sports,4,797.89,3191.56,Card
1370,2026-03-25,Customer_82,Beauty,2,1859.35,3718.7,Cash
1371,2026-06-01,Customer_130,Home & Kitchen,5,2465.68,12328.4,Cash
1372,2026-05-02,Customer_95,Electronics,3,3081.06,9243.18,Net Banking
1373,2026-05-30,Customer_204,Home & Kitchen,1,2746.56,2746.56,Cash
1374,2026-06-17,Customer_148,Beauty,2,3288.09,6576.18,Net Banking
1375,2026-02-13,Customer_162,Beauty,5,3519.54,17597.7,Net Banking
1376,2026-02-07,Customer_63,Books,1,2640.68,2640.68,UPI
1377,2026-02-18,Customer_113,Electronics,3,1971.69,5915.07,Net Banking
1378,2026-06-26,Customer_106,Clothing,5,3521.13,17605.65,Net Banking
1379,2026-08-12,Customer_187,Books,1,3220.12,3220.12,Card
1380,2026-05-24,Customer_170,Home & Kitchen,4,2435.83,9743.32,Cash
1381,2026-02-14,Customer_137,Sports,3,2526.29,7578.87,Cash
1382,2026-06-06,Customer_50,Sports,2,1363.68,2727.36,Cash
1383,2026-02-27,Customer_198,Home & Kitchen,3,3216.32,9648.96,Net Banking
1384,2026-03-23,Customer_90,Sports,5,4211.6,21058.0,Cash
1385,2026-03-15,Customer_147,Electronics,5,1801.67,9008.35,Net Banking
1386,2026-07-29,Customer_198,Home & Kitchen,2,1413.47,2826.94,Cash
1387,2026-07-02,Customer_89,Electronics,4,3003.48,12013.92,Net Banking
1388,2026-02-24,Customer_212,Clothing,5,1329.43,6647.15,Cash
1389,2026-02-05,Customer_158,Electronics,5,1190.88,5954.4,UPI
1390,2026-06-21,Customer_58,Beauty,2,378.34,756.68,Net Banking
1391,2026-03-26,Customer_121,Books,1,3113.19,3113.19,Card
1392,2026-01-02,Customer_41,Beauty,4,2990.08,11960.32,Net Banking
1393,2026-05-03,Customer_52,Books,3,1547.08,4641.24,UPI
1394,2026-07-16,Customer_167,Electronics,5,1160.16,5800.8,UPI
1395,2026-02-14,Customer_215,Sports,2,4212.56,8425.12,UPI
1396,2026-08-03,Customer_202,Sports,4,960.46,3841.84,Cash
1397,2026-08-13,Customer_3,Electronics,3,2620.63,7861.89,UPI
1398,2026-03-27,Customer_117,Home & Kitchen,5,2430.79,12153.95,Card
1399,2026-08-06,Customer_120,Beauty,3,988.73,2966.19,UPI
1400,2026-03-26,Customer_188,Clothing,4,2970.04,11880.16,Card
1401,2026-01-04,Customer_87,Books,3,2619.85,7859.55,Card
1402,2026-02-14,Customer_220,Beauty,4,3747.41,14989.64,Cash
1403,2026-01-23,Customer_172,Sports,1,953.8,953.8,Card
1404,2026-05-03,Customer_64,Home & Kitchen,1,1284.42,1284.42,Card
1405,2026-04-25,Customer_85,Home & Kitchen,3,2683.7,8051.1,UPI
1406,2026-03-08,Customer_93,Books,2,420.24,840.48,UPI
1407,2026-04-30,Customer_41,Home & Kitchen,4,3134.42,12537.68,Cash
1408,2026-06-26,Customer_164,Electronics,3,1748.82,5246.46,Card
1409,2026-02-26,Customer_123,Clothing,2,2129.16,4258.32,Cash
1410,2026-04-17,Customer_141,Books,4,3444.47,13777.88,Card
1411,2026-07-15,Customer_175,Clothing,5,3948.14,19740.7,UPI
1412,2026-05-15,Customer_136,Sports,3,489.75,1469.25,UPI
1413,2026-01-16,Customer_130,Beauty,2,2641.25,5282.5,Card
1414,2026-02-12,Customer_219,Home & Kitchen,5,2072.01,10360.05,Card
1415,2026-07-03,Customer_126,Beauty,1,4060.17,4060.17,Net Banking
1416,2026-07-27,Customer_117,Electronics,2,2382.63,4765.26,Net Banking
1417,2026-05-25,Customer_144,Electronics,4,3076.54,12306.16,Cash
1418,2026-07-05,Customer_102,Electronics,3,3701.57,11104.71,Card
1419,2026-05-29,Customer_12,Electronics,4,1648.7,6594.8,UPI
1420,2026-05-19,Customer_18,Electronics,4,288.05,1152.2,Net Banking
1421,2026-02-16,Customer_197,Clothing,4,1778.91,7115.64,Net Banking
1422,2026-04-25,Customer_97,Sports,1,3119.88,3119.88,Card
1423,2026-06-17,Customer_31,Home & Kitchen,2,4468.88,8937.76,Net Banking
1424,2026-05-16,Customer_187,Clothing,2,3781.47,7562.94,UPI
1425,2026-03-18,Customer_173,Sports,5,1994.96,9974.8,Net Banking
1426,2026-07-30,Customer_64,Clothing,4,1655.79,6623.16,Cash
1427,2026-02-18,Customer_196,Books,1,290.15,290.15,Net Banking
1428,2026-06-07,Customer_62,Electronics,2,442.72,885.44,UPI
1429,2026-04-25,Customer_173,Beauty,1,1214.59,1214.59,UPI
1430,2026-04-13,Customer_60,Sports,5,1095.12,5475.6,UPI
1431,2026-02-05,Customer_75,Beauty,2,3698.67,7397.34,Cash
1432,2026-05-28,Customer_198,Beauty,3,1180.53,3541.59,Card
1433,2026-06-19,Customer_57,Beauty,4,1457.18,5828.72,UPI
1434,2026-05-23,Customer_189,Beauty,2,2873.07,5746.14,Net Banking
1435,2026-05-23,Customer_13,Sports,3,4245.9,12737.7,Net Banking
1436,2026-07-21,Customer_82,Beauty,4,1925.93,7703.72,Cash
1437,2026-04-07,Customer_194,Clothing,5,2209.81,11049.05,Card
1438,2026-03-18,Customer_37,Books,4,4129.12,16516.48,Net Banking
1439,2026-04-17,Customer_136,Beauty,2,1839.62,3679.24,Cash
1440,2026-02-22,Customer_166,Home & Kitchen,1,4161.68,4161.68,Cash
1441,2026-01-24,Customer_186,Beauty,2,374.18,748.36,Net Banking
1442,2026-06-22,Customer_155,Beauty,1,3950.25,3950.25,Card
1443,2026-07-25,Customer_186,Beauty,5,1094.02,5470.1,Card
1444,2026-08-11,Customer_78,Home & Kitchen,1,1071.36,1071.36,Card
1445,2026-07-09,Customer_192,Electronics,4,4127.82,16511.28,Card
1446,2026-04-12,Customer_142,Clothing,3,3523.49,10570.47,Net Banking
1447,2026-04-30,Customer_167,Beauty,3,1491.64,4474.92,Cash
1448,2026-05-12,Customer_120,Sports,1,3642.25,3642.25,Net Banking
1449,2026-07-14,Customer_53,Home & Kitchen,3,1511.21,4533.63,UPI
1450,2026-05-25,Customer_190,Clothing,2,220.56,441.12,Net Banking
1451,2026-03-17,Customer_51,Clothing,3,1150.58,3451.74,Card
1452,2026-05-08,Customer_168,Beauty,3,1269.37,3808.11,Net Banking
1453,2026-07-05,Customer_190,Books,4,2154.61,8618.44,Cash
1454,2026-02-13,Customer_185,Clothing,5,2274.18,11370.9,UPI
1455,2026-05-15,Customer_215,Electronics,1,4261.57,4261.57,UPI
1456,2026-07-15,Customer_106,Electronics,2,3815.07,7630.14,Card
1457,2026-01-18,Customer_39,Books,1,1101.43,1101.43,Net Banking
1458,2026-04-06,Customer_159,Electronics,5,4120.47,20602.35,Net Banking
1459,2026-01-05,Customer_137,Electronics,5,1939.32,9696.6,UPI
1460,2026-05-16,Customer_71,Books,5,4402.04,22010.2,UPI
1461,2026-05-09,Customer_173,Books,4,3656.83,14627.32,Card
1462,2026-01-28,Customer_135,Electronics,2,1198.21,2396.42,Cash
1463,2026-07-28,Customer_69,Home & Kitchen,4,493.73,1974.92,Net Banking
1464,2026-04-28,Customer_63,Beauty,2,1454.89,2909.78,UPI
1465,2026-06-17,Customer_195,Books,1,556.73,556.73,Net Banking
1466,2026-04-07,Customer_122,Beauty,1,2919.85,2919.85,Card
1467,2026-01-22,Customer_217,Sports,4,2955.35,11821.4,Cash
1468,2026-05-25,Customer_136,Electronics,1,1149.48,1149.48,Net Banking
1469,2026-03-11,Customer_20,Electronics,3,4062.01,12186.03,UPI
1470,2026-02-15,Customer_5,Home & Kitchen,2,2703.61,5407.22,Net Banking
1471,2026-01-20,Customer_42,Home & Kitchen,5,1196.05,5980.25,Net Banking
1472,2026-06-23,Customer_85,Beauty,4,3436.9,13747.6,Card
1473,2026-07-22,Customer_186,Books,1,2328.45,2328.45,Cash
1474,2026-01-14,Customer_112,Electronics,2,3798.23,7596.46,Cash
1475,2026-06-04,Customer_153,Beauty,4,4364.8,17459.2,Cash
1476,2026-01-08,Customer_70,Books,4,2284.13,9136.52,Cash
1477,2026-05-22,Customer_111,Sports,2,3106.67,6213.34,Net Banking
1478,2026-01-22,Customer_76,Beauty,2,3252.02,6504.04,UPI
1479,2026-03-10,Customer_98,Clothing,2,3367.5,6735.0,Cash
1480,2026-04-03,Customer_24,Electronics,1,4251.88,4251.88,Net Banking
1481,2026-04-03,Customer_27,Home & Kitchen,2,529.74,1059.48,Net Banking
1482,2026-04-25,Customer_143,Beauty,5,1924.99,9624.95,UPI
1483,2026-01-23,Customer_142,Home & Kitchen,1,2746.62,2746.62,Cash
1484,2026-08-10,Customer_4,Sports,3,1950.07,5850.21,UPI
1485,2026-07-05,Customer_63,Beauty,5,2416.8,12084.0,Net Banking
1486,2026-02-13,Customer_69,Clothing,3,1317.57,3952.71,Card
1487,2026-01-17,Customer_112,Clothing,3,1981.8,5945.4,Net Banking
1488,2026-07-20,Customer_93,Electronics,3,4257.37,12772.11,Net Banking
1489,2026-06-02,Customer_51,Beauty,4,615.33,2461.32,Cash
1490,2026-01-02,Customer_86,Sports,5,1802.52,9012.6,Cash
1491,2026-04-23,Customer_111,Home & Kitchen,5,742.14,3710.7,Cash
1492,2026-06-04,Customer_52,Books,4,1516.7,6066.8,Net Banking
1493,2026-03-23,Customer_189,Home & Kitchen,4,4359.77,17439.08,Card
1494,2026-03-25,Customer_72,Sports,4,1737.82,6951.28,Card
1495,2026-06-01,Customer_47,Beauty,5,267.09,1335.45,Net Banking
1496,2026-07-01,Customer_113,Clothing,3,3766.08,11298.24,UPI
1497,2026-07-29,Customer_173,Sports,4,755.43,3021.72,Cash
1498,2026-03-03,Customer_169,Home & Kitchen,2,3261.28,6522.56,Net Banking
1499,2026-01-19,Customer_154,Sports,4,2682.76,10731.04,Net Banking
1500,2026-05-20,Customer_203,Electronics,3,3202.11,9606.33,UPI
1501,2026-01-28,Customer_169,Clothing,3,873.57,2620.71,UPI
1502,2026-05-25,Customer_174,Books,4,4355.63,17422.52,Cash
1503,2026-07-23,Customer_28,Sports,1,578.94,578.94,Card
1504,2026-05-11,Customer_133,Books,5,2675.25,13376.25,Card
1505,2026-04-25,Customer_101,Home & Kitchen,4,3509.69,14038.76,Card
1506,2026-03-30,Customer_124,Electronics,1,1435.13,1435.13,UPI
1507,2026-01-30,Customer_37,Books,3,1506.72,4520.16,Net Banking
1508,2026-07-20,Customer_134,Clothing,4,1665.11,6660.44,UPI
1509,2026-04-23,Customer_179,Books,4,1537.26,6149.04,Cash
1510,2026-01-12,Customer_30,Books,1,3843.93,3843.93,UPI
1511,2026-06-23,Customer_190,Clothing,2,2394.57,4789.14,Card
1512,2026-03-26,Customer_110,Beauty,4,1158.57,4634.28,Net Banking
1513,2026-06-11,Customer_48,Clothing,4,1870.78,7483.12,Card
1514,2026-04-26,Customer_110,Beauty,4,169.36,677.44,Card
1515,2026-02-22,Customer_193,Home & Kitchen,1,2661.46,2661.46,Card
1516,2026-04-04,Customer_51,Home & Kitchen,4,645.7,2582.8,Net Banking
1517,2026-05-16,Customer_81,Books,5,1840.58,9202.9,Net Banking
1518,2026-05-31,Customer_90,Electronics,3,3828.0,11484.0,Card
1519,2026-07-28,Customer_181,Books,3,4146.27,12438.81,UPI
1520,2026-06-22,Customer_81,Clothing,1,1187.79,1187.79,UPI
1521,2026-02-16,Customer_178,Home & Kitchen,2,2372.09,4744.18,Net Banking
1522,2026-06-02,Customer_148,Clothing,4,1990.22,7960.88,Net Banking
1523,2026-06-12,Customer_178,Beauty,2,2563.87,5127.74,Net Banking
1524,2026-03-15,Customer_48,Clothing,3,3812.64,11437.92,UPI
1525,2026-08-10,Customer_3,Home & Kitchen,4,743.93,2975.72,Net Banking
1526,2026-05-24,Customer_168,Beauty,4,1929.73,7718.92,Net Banking
1527,2026-04-17,Customer_216,Books,4,2275.84,9103.36,UPI
1528,2026-05-25,Customer_204,Electronics,2,1420.59,2841.18,Cash
1529,2026-02-27,Customer_74,Beauty,2,3546.22,7092.44,Net Banking
1530,2026-05-21,Customer_29,Beauty,5,646.8,3234.0,Cash
1531,2026-05-19,Customer_195,Electronics,4,2526.64,10106.56,Net Banking
1532,2026-01-27,Customer_213,Books,2,1445.03,2890.06,UPI
1533,2026-04-26,Customer_90,Home & Kitchen,1,2059.95,2059.95,UPI
1534,2026-07-18,Customer_54,Clothing,5,3147.73,15738.65,Net Banking
1535,2026-02-12,Customer_36,Beauty,2,3688.85,7377.7,UPI
1536,2026-05-26,Customer_137,Home & Kitchen,3,2746.33,8238.99,Card
1537,2026-03-24,Customer_75,Books,3,2641.4,7924.2,UPI
1538,2026-02-04,Customer_16,Sports,3,3921.66,11764.98,Card
1539,2026-06-29,Customer_64,Clothing,2,3244.57,6489.14,Card
1540,2026-07-14,Customer_101,Books,4,768.45,3073.8,Cash
1541,2026-06-10,Customer_97,Sports,4,478.5,1914.0,UPI
1542,2026-04-14,Customer_192,Beauty,3,3171.96,9515.88,Cash
1543,2026-04-27,Customer_84,Sports,5,160.76,803.8,UPI
1544,2026-07-07,Customer_163,Sports,3,3847.96,11543.88,Net Banking
1545,2026-02-25,Customer_212,Sports,2,2302.01,4604.02,Cash
1546,2026-08-01,Customer_87,Home & Kitchen,5,2664.01,13320.05,Net Banking
1547,2026-07-21,Customer_175,Home & Kitchen,1,349.85,349.85,Net Banking
1548,2026-01-05,Customer_220,Electronics,2,2069.59,4139.18,UPI
1549,2026-04-20,Customer_177,Clothing,2,3987.34,7974.68,Cash
1550,2026-02-10,Customer_24,Home & Kitchen,3,1239.19,3717.57,Cash
1551,2026-06-20,Customer_43,Books,1,1874.09,1874.09,Cash
1552,2026-07-05,Customer_194,Books,2,2017.15,4034.3,UPI
1553,2026-06-30,Customer_1,Electronics,2,2224.11,4448.22,Card
1554,2026-06-01,Customer_133,Clothing,4,190.4,761.6,Cash
1555,2026-07-29,Customer_109,Electronics,2,2228.0,4456.0,Card
1556,2026-04-09,Customer_188,Electronics,1,598.93,598.93,Cash
1557,2026-03-18,Customer_98,Clothing,2,2940.86,5881.72,Card
1558,2026-01-18,Customer_145,Beauty,1,2804.89,2804.89,Card
1559,2026-04-23,Customer_185,Home & Kitchen,2,2882.15,5764.3,Card
1560,2026-04-16,Customer_176,Beauty,4,3890.84,15563.36,UPI
1561,2026-01-26,Customer_193,Clothing,1,2714.65,2714.65,Net Banking
1562,2026-03-31,Customer_81,Sports,2,1227.87,2455.74,UPI
1563,2026-03-05,Customer_154,Beauty,5,3287.13,16435.65,Cash
1564,2026-07-19,Customer_7,Books,3,1043.69,3131.07,Card
1565,2026-07-11,Customer_76,Sports,1,3559.54,3559.54,Card
1566,2026-05-07,Customer_29,Sports,2,2323.18,4646.36,UPI
1567,2026-05-16,Customer_93,Electronics,3,724.13,2172.39,Net Banking
1568,2026-04-04,Customer_175,Beauty,2,3467.86,6935.72,UPI
1569,2026-01-05,Customer_18,Beauty,1,1290.51,1290.51,UPI
1570,2026-01-16,Customer_130,Sports,3,2884.28,8652.84,Net Banking
1571,2026-04-19,Customer_103,Books,1,2936.34,2936.34,Card
1572,2026-03-13,Customer_80,Electronics,1,2374.18,2374.18,Card
1573,2026-07-26,Customer_138,Clothing,3,1849.68,5549.04,UPI
1574,2026-03-21,Customer_112,Books,2,401.89,803.78,UPI
1575,2026-04-22,Customer_117,Electronics,5,2798.42,13992.1,Cash
1576,2026-06-20,Customer_169,Books,2,669.58,1339.16,Card
1577,2026-06-29,Customer_42,Electronics,4,4295.62,17182.48,Cash
1578,2026-02-12,Customer_33,Home & Kitchen,3,3338.27,10014.81,UPI
1579,2026-07-17,Customer_86,Electronics,4,1333.12,5332.48,UPI
1580,2026-03-09,Customer_148,Books,1,2308.24,2308.24,Cash
1581,2026-01-15,Customer_220,Sports,5,875.93,4379.65,Card
1582,2026-03-07,Customer_147,Electronics,1,1143.56,1143.56,UPI
1583,2026-01-12,Customer_63,Electronics,1,2202.18,2202.18,Net Banking
1584,2026-02-08,Customer_220,Clothing,1,2554.96,2554.96,Net Banking
1585,2026-02-27,Customer_64,Home & Kitchen,4,4133.97,16535.88,Cash
1586,2026-03-11,Customer_147,Electronics,3,669.39,2008.17,UPI
1587,2026-02-15,Customer_206,Clothing,5,4419.15,22095.75,Net Banking
1588,2026-01-18,Customer_73,Sports,3,1573.76,4721.28,Net Banking
1589,2026-01-03,Customer_52,Home & Kitchen,3,2602.56,7807.68,Cash
1590,2026-07-09,Customer_63,Beauty,4,1751.99,7007.96,Net Banking
1591,2026-07-17,Customer_188,Clothing,5,3458.1,17290.5,Card
1592,2026-02-08,Customer_105,Electronics,1,1163.54,1163.54,Cash
1593,2026-06-12,Customer_3,Books,3,156.36,469.08,Net Banking
1594,2026-08-06,Customer_187,Books,3,602.18,1806.54,Card
1595,2026-04-18,Customer_16,Sports,2,3245.69,6491.38,UPI
1596,2026-01-12,Customer_217,Clothing,5,1946.8,9734.0,Cash
1597,2026-04-28,Customer_22,Books,5,565.76,2828.8,Card
1598,2026-06-13,Customer_20,Sports,5,2620.02,13100.1,Net Banking
1599,2026-06-19,Customer_61,Clothing,3,1285.31,3855.93,Cash
1600,2026-07-25,Customer_180,Sports,3,1533.55,4600.65,Cash
1601,2026-03-01,Customer_52,Electronics,2,3542.73,7085.46,UPI
1602,2026-02-09,Customer_43,Electronics,4,2177.34,8709.36,Net Banking
1603,2026-01-31,Customer_92,Beauty,2,2115.84,4231.68,Net Banking
1604,2026-03-09,Customer_24,Electronics,2,3663.05,7326.1,Cash
1605,2026-07-31,Customer_179,Books,5,325.43,1627.15,Cash
1606,2026-02-07,Customer_183,Electronics,2,4362.54,8725.08,Net Banking
1607,2026-05-12,Customer_174,Electronics,3,1281.73,3845.19,Card
1608,2026-01-08,Customer_219,Sports,4,2568.4,10273.6,Card
1609,2026-01-25,Customer_27,Sports,2,678.32,1356.64,UPI
1610,2026-08-01,Customer_34,Clothing,2,3732.98,7465.96,Cash
1611,2026-06-25,Customer_166,Books,1,2683.11,2683.11,Cash
1612,2026-07-28,Customer_6,Electronics,1,1010.21,1010.21,Net Banking
1613,2026-07-27,Customer_24,Clothing,3,683.0,2049.0,Net Banking
1614,2026-01-13,Customer_147,Clothing,4,3724.33,14897.32,Net Banking
1615,2026-05-08,Customer_98,Electronics,4,901.71,3606.84,Card
1616,2026-02-17,Customer_72,Home & Kitchen,4,3992.89,15971.56,UPI
1617,2026-06-07,Customer_158,Beauty,2,2965.66,5931.32,Net Banking
1618,2026-04-16,Customer_123,Beauty,1,531.59,531.59,Net Banking
1619,2026-02-05,Customer_52,Sports,5,1233.79,6168.95,UPI
1620,2026-04-08,Customer_92,Books,4,2518.65,10074.6,Net Banking
1621,2026-03-30,Customer_129,Beauty,3,1839.46,5518.38,Card
1622,2026-01-07,Customer_153,Home & Kitchen,2,277.47,554.94,Cash
1623,2026-01-15,Customer_136,Sports,3,3485.76,10457.28,Card
1624,2026-02-10,Customer_64,Electronics,2,1309.39,2618.78,UPI
1625,2026-07-15,Customer_148,Clothing,4,1693.4,6773.6,Card
1626,2026-02-15,Customer_152,Clothing,3,3657.01,10971.03,Cash
1627,2026-06-01,Customer_181,Electronics,3,4271.88,12815.64,Card
1628,2026-05-25,Customer_215,Clothing,4,2508.24,10032.96,Card
1629,2026-05-06,Customer_24,Electronics,1,1161.91,1161.91,Card
1630,2026-01-06,Customer_123,Beauty,1,1593.04,1593.04,Card
1631,2026-07-26,Customer_88,Clothing,2,4146.7,8293.4,Cash
1632,2026-01-16,Customer_38,Electronics,5,3215.43,16077.15,Card
1633,2026-07-18,Customer_217,Electronics,5,3893.91,19469.55,UPI
1634,2026-04-06,Customer_170,Books,4,2699.17,10796.68,Cash
1635,2026-03-19,Customer_35,Home & Kitchen,2,3335.73,6671.46,Net Banking
1636,2026-07-22,Customer_125,Books,3,907.78,2723.34,Cash
1637,2026-02-27,Customer_151,Books,2,1795.97,3591.94,Cash
1638,2026-02-02,Customer_187,Clothing,1,4277.23,4277.23,Net Banking
1639,2026-08-06,Customer_9,Beauty,2,2770.39,5540.78,Card
1640,2026-06-13,Customer_27,Beauty,4,761.8,3047.2,UPI
1641,2026-03-02,Customer_82,Home & Kitchen,2,2917.41,5834.82,UPI
1642,2026-07-30,Customer_172,Books,3,2092.84,6278.52,Cash
1643,2026-02-23,Customer_178,Clothing,1,1674.59,1674.59,UPI
1644,2026-07-04,Customer_13,Electronics,4,2056.26,8225.04,Net Banking
1645,2026-02-12,Customer_127,Sports,4,1677.86,6711.44,Net Banking
1646,2026-01-26,Customer_202,Sports,5,2981.72,14908.6,Card
1647,2026-02-11,Customer_19,Sports,1,1432.85,1432.85,Cash
1648,2026-03-08,Customer_19,Electronics,3,889.96,2669.88,Net Banking
1649,2026-02-11,Customer_20,Books,5,4246.98,21234.9,UPI
1650,2026-03-28,Customer_158,Beauty,4,3214.6,12858.4,Net Banking
1651,2026-06-17,Customer_156,Clothing,4,833.4,3333.6,UPI
1652,2026-03-26,Customer_49,Clothing,4,3182.81,12731.24,Cash
1653,2026-06-19,Customer_77,Home & Kitchen,2,567.23,1134.46,Net Banking
1654,2026-05-27,Customer_216,Beauty,4,818.12,3272.48,Cash
1655,2026-01-01,Customer_23,Sports,3,3733.95,11201.85,Net Banking
1656,2026-02-21,Customer_7,Electronics,2,893.12,1786.24,Cash
1657,2026-01-21,Customer_217,Sports,1,1491.34,1491.34,Net Banking
1658,2026-05-01,Customer_170,Sports,3,546.45,1639.35,Net Banking
1659,2026-02-17,Customer_98,Home & Kitchen,3,961.64,2884.92,UPI
1660,2026-03-09,Customer_120,Sports,3,1134.15,3402.45,Cash
1661,2026-05-25,Customer_39,Electronics,1,522.83,522.83,Cash
1662,2026-07-26,Customer_106,Beauty,5,1139.68,5698.4,UPI
1663,2026-08-04,Customer_210,Sports,5,1971.05,9855.25,Net Banking
1664,2026-05-27,Customer_122,Clothing,3,493.45,1480.35,UPI
1665,2026-05-09,Customer_133,Beauty,5,3097.28,15486.4,Card
1666,2026-01-31,Customer_45,Sports,2,4378.92,8757.84,Card
1667,2026-02-02,Customer_109,Electronics,1,4449.02,4449.02,Net Banking
1668,2026-02-21,Customer_38,Books,5,1271.81,6359.05,UPI
1669,2026-01-23,Customer_143,Sports,4,2551.44,10205.76,Cash
1670,2026-05-14,Customer_4,Sports,5,2705.96,13529.8,Net Banking
1671,2026-01-29,Customer_39,Sports,2,2614.68,5229.36,UPI
1672,2026-01-28,Customer_200,Beauty,1,3567.99,3567.99,Cash
1673,2026-08-13,Customer_68,Sports,4,2998.33,11993.32,Net Banking
1674,2026-01-10,Customer_71,Clothing,4,775.76,3103.04,Net Banking
1675,2026-01-10,Customer_85,Sports,2,364.42,728.84,Net Banking
1676,2026-03-10,Customer_6,Home & Kitchen,3,3705.63,11116.89,Cash
1677,2026-03-21,Customer_216,Home & Kitchen,4,3883.32,15533.28,UPI
1678,2026-08-11,Customer_35,Clothing,3,4387.85,13163.55,Net Banking
1679,2026-07-18,Customer_69,Home & Kitchen,4,2781.66,11126.64,UPI
1680,2026-02-18,Customer_55,Sports,4,3373.11,13492.44,Cash
1681,2026-07-30,Customer_132,Electronics,2,435.43,870.86,Net Banking
1682,2026-02-04,Customer_146,Beauty,1,905.76,905.76,Card
1683,2026-08-03,Customer_64,Electronics,1,2135.55,2135.55,Cash
1684,2026-06-30,Customer_71,Clothing,3,3732.25,11196.75,Net Banking
1685,2026-06-12,Customer_175,Electronics,1,1202.43,1202.43,Net Banking
1686,2026-06-02,Customer_46,Sports,4,2702.93,10811.72,Cash
1687,2026-03-30,Customer_215,Clothing,3,3407.98,10223.94,UPI
1688,2026-03-14,Customer_99,Electronics,1,858.65,858.65,Card
1689,2026-08-08,Customer_166,Clothing,2,3097.97,6195.94,Cash
1690,2026-06-16,Customer_132,Sports,1,3911.14,3911.14,UPI
1691,2026-05-02,Customer_166,Clothing,2,2764.97,5529.94,UPI
1692,2026-02-27,Customer_156,Home & Kitchen,3,3250.42,9751.26,Cash
1693,2026-04-19,Customer_219,Sports,3,2146.64,6439.92,Card
1694,2026-04-30,Customer_174,Home & Kitchen,5,3735.75,18678.75,Net Banking
1695,2026-05-30,Customer_2,Electronics,5,4497.52,22487.6,Cash
1696,2026-05-24,Customer_153,Books,5,1379.64,6898.2,UPI
1697,2026-05-04,Customer_87,Electronics,3,2936.59,8809.77,Cash
1698,2026-03-08,Customer_183,Books,3,969.37,2908.11,Card
1699,2026-01-15,Customer_104,Beauty,3,3111.29,9333.87,UPI
1700,2026-06-17,Customer_76,Sports,3,4095.07,12285.21,Net Banking
1701,2026-04-10,Customer_10,Books,5,3230.1,16150.5,Card
1702,2026-03-29,Customer_183,Books,2,3135.48,6270.96,Net Banking
1703,2026-06-21,Customer_130,Home & Kitchen,3,3827.57,11482.71,Card
1704,2026-03-17,Customer_121,Electronics,2,3373.0,6746.0,Card
1705,2026-06-24,Customer_168,Home & Kitchen,1,1116.8,1116.8,Card
1706,2026-07-10,Customer_108,Home & Kitchen,3,1766.82,5300.46,Cash
1707,2026-04-29,Customer_121,Electronics,1,3918.81,3918.81,UPI
1708,2026-05-01,Customer_129,Clothing,1,3923.62,3923.62,Net Banking
1709,2026-05-16,Customer_106,Home & Kitchen,1,3938.19,3938.19,Card
1710,2026-02-05,Customer_88,Clothing,4,4444.28,17777.12,Net Banking
1711,2026-02-06,Customer_184,Home & Kitchen,2,3538.39,7076.78,Net Banking
1712,2026-03-27,Customer_46,Books,3,2910.07,8730.21,UPI
1713,2026-04-26,Customer_54,Home & Kitchen,2,2656.81,5313.62,Card
1714,2026-05-06,Customer_34,Electronics,5,2036.64,10183.2,Net Banking
1715,2026-04-14,Customer_123,Sports,4,170.31,681.24,Card
1716,2026-07-07,Customer_4,Home & Kitchen,3,3442.29,10326.87,Card
1717,2026-01-05,Customer_2,Books,2,1134.26,2268.52,Cash
1718,2026-03-21,Customer_27,Clothing,4,2339.51,9358.04,Cash
1719,2026-02-12,Customer_211,Electronics,1,1447.18,1447.18,Cash
1720,2026-04-27,Customer_134,Books,5,2429.91,12149.55,Net Banking
1721,2026-06-25,Customer_88,Clothing,4,1712.74,6850.96,Card
1722,2026-02-12,Customer_5,Sports,2,1125.8,2251.6,Card
1723,2026-02-24,Customer_6,Books,5,2345.16,11725.8,UPI
1724,2026-04-04,Customer_167,Books,1,1782.09,1782.09,Cash
1725,2026-07-17,Customer_160,Beauty,1,2733.57,2733.57,UPI
1726,2026-06-19,Customer_168,Electronics,1,359.82,359.82,UPI
1727,2026-04-17,Customer_98,Sports,1,2530.68,2530.68,Net Banking
1728,2026-06-29,Customer_53,Clothing,1,1459.86,1459.86,UPI
1729,2026-06-19,Customer_70,Beauty,5,2784.51,13922.55,Card
1730,2026-04-18,Customer_131,Electronics,5,662.15,3310.75,UPI
1731,2026-07-20,Customer_128,Electronics,2,2799.16,5598.32,Cash
1732,2026-08-01,Customer_52,Beauty,3,3209.95,9629.85,Cash
1733,2026-02-11,Customer_141,Electronics,4,4110.05,16440.2,Net Banking
1734,2026-03-26,Customer_1,Clothing,1,3071.6,3071.6,UPI
1735,2026-08-02,Customer_172,Beauty,4,798.78,3195.12,UPI
1736,2026-07-19,Customer_20,Beauty,1,4085.79,4085.79,Card
1737,2026-04-27,Customer_68,Home & Kitchen,4,367.85,1471.4,Card
1738,2026-08-12,Customer_219,Electronics,3,1716.93,5150.79,Cash
1739,2026-04-20,Customer_30,Books,1,3852.92,3852.92,UPI
1740,2026-01-03,Customer_170,Clothing,2,1579.67,3159.34,Net Banking
1741,2026-06-09,Customer_188,Home & Kitchen,1,1770.91,1770.91,Cash
1742,2026-02-16,Customer_103,Electronics,4,4336.05,17344.2,Cash
1743,2026-08-02,Customer_177,Sports,4,3629.56,14518.24,Card
1744,2026-01-29,Customer_179,Clothing,1,4419.83,4419.83,Card
1745,2026-01-27,Customer_152,Sports,4,3639.85,14559.4,Net Banking
1746,2026-02-16,Customer_98,Beauty,3,2809.41,8428.23,Card
1747,2026-05-04,Customer_29,Sports,4,2066.99,8267.96,UPI
1748,2026-03-08,Customer_81,Books,1,3214.87,3214.87,Card
1749,2026-06-21,Customer_133,Home & Kitchen,5,3143.85,15719.25,UPI
1750,2026-04-21,Customer_187,Books,2,2246.39,4492.78,Net Banking
1751,2026-02-08,Customer_157,Beauty,1,200.66,200.66,Card
1752,2026-05-10,Customer_219,Sports,4,3931.96,15727.84,UPI
1753,2026-07-12,Customer_83,Sports,2,1589.39,3178.78,Cash
1754,2026-01-13,Customer_58,Beauty,5,2948.43,14742.15,Net Banking
1755,2026-07-29,Customer_21,Clothing,4,2082.22,8328.88,Net Banking
1756,2026-01-23,Customer_115,Sports,3,666.37,1999.11,Net Banking
1757,2026-07-10,Customer_5,Books,1,1904.96,1904.96,UPI
1758,2026-05-23,Customer_1,Beauty,1,3594.26,3594.26,Cash
1759,2026-05-11,Customer_53,Beauty,4,4284.04,17136.16,Cash
1760,2026-07-31,Customer_210,Electronics,2,3822.78,7645.56,Cash
1761,2026-05-24,Customer_154,Beauty,4,3267.46,13069.84,Cash
1762,2026-07-03,Customer_30,Sports,1,3453.04,3453.04,Card
1763,2026-01-01,Customer_91,Home & Kitchen,3,2532.45,7597.35,Cash
1764,2026-06-29,Customer_12,Electronics,2,2292.04,4584.08,Net Banking
1765,2026-01-28,Customer_157,Home & Kitchen,2,965.81,1931.62,Net Banking
1766,2026-02-25,Customer_212,Sports,2,3268.03,6536.06,UPI
1767,2026-07-13,Customer_12,Sports,5,686.0,3430.0,Net Banking
1768,2026-04-28,Customer_151,Books,5,735.67,3678.35,Net Banking
1769,2026-01-02,Customer_189,Beauty,1,2556.53,2556.53,Net Banking
1770,2026-08-03,Customer_124,Beauty,5,3547.7,17738.5,Card
1771,2026-06-27,Customer_45,Beauty,2,600.46,1200.92,Cash
1772,2026-05-10,Customer_108,Sports,5,4134.21,20671.05,Card
1773,2026-03-12,Customer_88,Sports,3,2119.88,6359.64,Card
1774,2026-02-05,Customer_155,Sports,5,1450.27,7251.35,Cash
1775,2026-07-02,Customer_142,Books,2,1023.87,2047.74,Cash
1776,2026-06-25,Customer_173,Home & Kitchen,2,4418.81,8837.62,Card
1777,2026-05-09,Customer_178,Beauty,3,3240.03,9720.09,Cash
1778,2026-05-24,Customer_150,Sports,5,4250.63,21253.15,Net Banking
1779,2026-06-22,Customer_216,Books,5,1393.79,6968.95,Net Banking
1780,2026-07-26,Customer_134,Electronics,1,259.93,259.93,Card
1781,2026-01-14,Customer_15,Books,2,1311.36,2622.72,Card
1782,2026-03-15,Customer_65,Books,2,3801.31,7602.62,Cash
1783,2026-02-22,Customer_9,Beauty,3,3691.01,11073.03,UPI
1784,2026-06-07,Customer_190,Books,5,3912.06,19560.3,Net Banking
1785,2026-03-02,Customer_201,Beauty,3,3164.27,9492.81,UPI
1786,2026-04-08,Customer_107,Sports,3,4351.37,13054.11,UPI
1787,2026-01-04,Customer_65,Books,2,2849.44,5698.88,Net Banking
1788,2026-08-01,Customer_163,Clothing,3,3434.72,10304.16,Card
1789,2026-07-18,Customer_50,Books,3,2102.34,6307.02,UPI
1790,2026-02-17,Customer_189,Clothing,5,669.19,3345.95,UPI
1791,2026-04-20,Customer_143,Home & Kitchen,3,715.79,2147.37,Cash
1792,2026-01-02,Customer_120,Home & Kitchen,2,323.74,647.48,Cash
1793,2026-06-02,Customer_199,Electronics,5,3817.66,19088.3,Cash
1794,2026-05-06,Customer_141,Beauty,3,467.03,1401.09,Cash
1795,2026-05-15,Customer_48,Clothing,5,446.57,2232.85,Card
1796,2026-04-17,Customer_138,Beauty,4,549.96,2199.84,Card
1797,2026-02-24,Customer_85,Books,3,1719.47,5158.41,Card
1798,2026-07-12,Customer_136,Beauty,4,4485.35,17941.4,UPI
1799,2026-01-30,Customer_89,Books,4,1195.51,4782.04,Card
1800,2026-01-11,Customer_83,Books,4,4134.31,16537.24,UPI
1801,2026-04-09,Customer_139,Home & Kitchen,3,257.47,772.41,Cash
1802,2026-05-12,Customer_115,Beauty,4,340.75,1363.0,Card
1803,2026-03-24,Customer_22,Beauty,1,878.17,878.17,UPI
1804,2026-06-10,Customer_54,Electronics,2,3912.54,7825.08,Net Banking
1805,2026-08-02,Customer_53,Electronics,5,3755.06,18775.3,Net Banking
1806,2026-06-15,Customer_192,Electronics,2,253.33,506.66,Cash
1807,2026-01-10,Customer_19,Electronics,1,924.27,924.27,Cash
1808,2026-05-23,Customer_148,Electronics,2,4112.79,8225.58,Net Banking
1809,2026-04-10,Customer_162,Sports,4,2033.66,8134.64,UPI
1810,2026-04-10,Customer_31,Books,5,175.66,878.3,UPI
1811,2026-07-13,Customer_150,Books,1,3198.84,3198.84,UPI
1812,2026-04-02,Customer_28,Beauty,3,3572.98,10718.94,Cash
1813,2026-06-05,Customer_73,Electronics,4,1809.15,7236.6,UPI
1814,2026-05-02,Customer_137,Clothing,2,743.26,1486.52,Net Banking
1815,2026-07-23,Customer_76,Beauty,2,1446.55,2893.1,Cash
1816,2026-01-03,Customer_143,Beauty,2,686.07,1372.14,UPI
1817,2026-05-27,Customer_101,Beauty,5,2531.74,12658.7,UPI
1818,2026-03-20,Customer_192,Clothing,3,1071.06,3213.18,Card
1819,2026-02-11,Customer_57,Clothing,5,3781.16,18905.8,Card
1820,2026-01-30,Customer_172,Clothing,5,3857.29,19286.45,Net Banking
1821,2026-06-15,Customer_19,Beauty,3,3071.83,9215.49,Cash
1822,2026-01-26,Customer_186,Clothing,5,2269.28,11346.4,Cash
1823,2026-04-02,Customer_172,Clothing,2,585.2,1170.4,UPI
1824,2026-02-19,Customer_125,Home & Kitchen,4,1578.31,6313.24,Cash
1825,2026-06-27,Customer_40,Beauty,5,2615.85,13079.25,Cash
1826,2026-04-20,Customer_2,Clothing,3,1220.86,3662.58,Card
1827,2026-07-02,Customer_165,Books,4,1353.56,5414.24,Cash
1828,2026-02-04,Customer_188,Books,3,3968.8,11906.4,Net Banking
1829,2026-04-25,Customer_199,Home & Kitchen,3,2268.33,6804.99,UPI
1830,2026-02-14,Customer_156,Books,1,3811.8,3811.8,Card
1831,2026-05-18,Customer_68,Clothing,1,3314.3,3314.3,UPI
1832,2026-08-06,Customer_162,Beauty,1,3684.99,3684.99,Net Banking
1833,2026-07-16,Customer_55,Beauty,1,2549.43,2549.43,Net Banking
1834,2026-06-17,Customer_94,Clothing,4,1121.38,4485.52,Cash
1835,2026-02-04,Customer_129,Sports,5,543.91,2719.55,Cash
1836,2026-05-09,Customer_170,Electronics,2,3838.72,7677.44,Card
1837,2026-07-13,Customer_36,Beauty,4,842.62,3370.48,Card
1838,2026-07-08,Customer_124,Books,3,325.83,977.49,Net Banking
1839,2026-03-01,Customer_68,Electronics,3,1167.98,3503.94,Card
1840,2026-05-13,Customer_100,Home & Kitchen,4,4142.87,16571.48,UPI
1841,2026-01-11,Customer_83,Books,1,3211.25,3211.25,Cash
1842,2026-08-02,Customer_68,Books,5,2517.92,12589.6,Card
1843,2026-04-07,Customer_97,Books,3,2706.4,8119.2,UPI
1844,2026-05-13,Customer_97,Home & Kitchen,2,2396.22,4792.44,Cash
1845,2026-07-29,Customer_125,Home & Kitchen,4,4009.2,16036.8,UPI
1846,2026-05-09,Customer_113,Clothing,2,1150.46,2300.92,Cash
1847,2026-02-24,Customer_48,Clothing,2,1725.67,3451.34,UPI
1848,2026-06-19,Customer_107,Clothing,3,3283.11,9849.33,Net Banking
1849,2026-06-22,Customer_123,Sports,2,2719.94,5439.88,Net Banking
1850,2026-01-06,Customer_12,Clothing,2,2644.67,5289.34,Card
1851,2026-02-04,Customer_132,Books,1,4024.97,4024.97,Card
1852,2026-01-15,Customer_67,Clothing,2,2397.39,4794.78,Net Banking
1853,2026-06-03,Customer_164,Beauty,1,3971.51,3971.51,Cash
1854,2026-01-22,Customer_115,Clothing,5,4468.57,22342.85,Net Banking
1855,2026-02-13,Customer_213,Clothing,4,2763.65,11054.6,Card
1856,2026-06-09,Customer_131,Books,3,879.59,2638.77,Cash
1857,2026-04-27,Customer_152,Beauty,1,1149.69,1149.69,Net Banking
1858,2026-02-03,Customer_5,Electronics,2,2423.79,4847.58,Net Banking
1859,2026-07-31,Customer_156,Clothing,1,921.79,921.79,UPI
1860,2026-08-13,Customer_129,Beauty,1,555.38,555.38,Card
1861,2026-06-04,Customer_212,Beauty,1,4051.81,4051.81,Net Banking
1862,2026-05-14,Customer_95,Sports,1,3184.75,3184.75,Net Banking
1863,2026-02-28,Customer_203,Sports,4,1674.75,6699.0,UPI
1864,2026-04-19,Customer_66,Clothing,4,3481.49,13925.96,UPI
1865,2026-03-14,Customer_140,Beauty,4,1271.45,5085.8,UPI
1866,2026-07-01,Customer_203,Books,1,2664.24,2664.24,UPI
1867,2026-05-14,Customer_97,Electronics,2,3141.79,6283.58,Cash
1868,2026-04-15,Customer_28,Home & Kitchen,2,2003.41,4006.82,Cash
1869,2026-03-08,Customer_109,Beauty,5,1740.55,8702.75,Cash
1870,2026-06-24,Customer_194,Sports,2,1947.54,3895.08,Net Banking
1871,2026-02-15,Customer_144,Home & Kitchen,5,2254.36,11271.8,Cash
1872,2026-05-28,Customer_199,Home & Kitchen,4,3350.65,13402.6,UPI
1873,2026-07-11,Customer_115,Clothing,2,586.21,1172.42,Net Banking
1874,2026-07-21,Customer_206,Home & Kitchen,5,2821.01,14105.05,UPI
1875,2026-02-11,Customer_163,Sports,1,3649.01,3649.01,Card
1876,2026-05-01,Customer_112,Beauty,1,428.75,428.75,Card
1877,2026-04-05,Customer_156,Electronics,1,3301.55,3301.55,Net Banking
1878,2026-06-07,Customer_134,Books,3,3245.49,9736.47,UPI
1879,2026-07-18,Customer_164,Clothing,4,2059.53,8238.12,Card
1880,2026-08-06,Customer_206,Books,5,1394.13,6970.65,UPI
1881,2026-07-20,Customer_131,Beauty,5,3188.26,15941.3,Card
1882,2026-06-22,Customer_93,Electronics,2,2999.33,5998.66,Card
1883,2026-01-23,Customer_200,Home & Kitchen,4,1686.11,6744.44,Net Banking
1884,2026-04-14,Customer_52,Beauty,5,216.84,1084.2,UPI
1885,2026-01-24,Customer_73,Beauty,5,4130.29,20651.45,Cash
1886,2026-03-30,Customer_58,Home & Kitchen,5,4339.3,21696.5,Net Banking
1887,2026-04-14,Customer_2,Beauty,3,911.4,2734.2,UPI
1888,2026-05-24,Customer_129,Electronics,3,1628.85,4886.55,UPI
1889,2026-07-25,Customer_66,Beauty,5,3687.19,18435.95,Cash
1890,2026-06-27,Customer_97,Sports,5,2253.79,11268.95,Card
1891,2026-07-13,Customer_199,Home & Kitchen,4,3114.94,12459.76,UPI
1892,2026-05-04,Customer_67,Electronics,1,1814.63,1814.63,Card
1893,2026-06-23,Customer_59,Books,3,1944.05,5832.15,Cash
1894,2026-05-13,Customer_3,Beauty,3,1229.92,3689.76,UPI
1895,2026-04-13,Customer_192,Books,3,480.73,1442.19,Card
1896,2026-05-02,Customer_91,Home & Kitchen,2,4040.28,8080.56,Cash
1897,2026-02-16,Customer_175,Books,2,2320.65,4641.3,Card
1898,2026-03-02,Customer_62,Books,3,1049.49,3148.47,Card
1899,2026-08-02,Customer_215,Clothing,5,1698.72,8493.6,UPI
1900,2026-01-31,Customer_174,Electronics,4,2820.15,11280.6,UPI
1901,2026-08-06,Customer_96,Sports,5,1522.06,7610.3,Cash
1902,2026-05-06,Customer_196,Clothing,5,1369.16,6845.8,Card
1903,2026-07-12,Customer_33,Beauty,1,2436.95,2436.95,Net Banking
1904,2026-05-03,Customer_9,Beauty,5,1660.71,8303.55,Card
1905,2026-04-28,Customer_179,Electronics,5,2151.31,10756.55,UPI
1906,2026-01-04,Customer_54,Books,4,2677.39,10709.56,Cash
1907,2026-04-03,Customer_67,Beauty,2,2536.25,5072.5,Card
1908,2026-03-10,Customer_157,Sports,3,1741.77,5225.31,Net Banking
1909,2026-04-19,Customer_108,Clothing,3,1738.09,5214.27,Net Banking
1910,2026-03-13,Customer_47,Sports,5,720.46,3602.3,Card
1911,2026-07-28,Customer_185,Electronics,3,3647.78,10943.34,Net Banking
1912,2026-08-08,Customer_51,Sports,2,3630.16,7260.32,Card
1913,2026-05-02,Customer_46,Electronics,4,2323.25,9293.0,Cash
1914,2026-07-21,Customer_77,Sports,3,2595.3,7785.9,UPI
1915,2026-04-12,Customer_177,Electronics,2,411.16,822.32,Cash
1916,2026-05-02,Customer_25,Books,4,3388.98,13555.92,Cash
1917,2026-04-03,Customer_144,Home & Kitchen,5,4203.52,21017.6,Cash
1918,2026-03-30,Customer_106,Electronics,1,1677.24,1677.24,Card
1919,2026-05-28,Customer_167,Beauty,5,909.24,4546.2,Cash
1920,2026-04-01,Customer_173,Home & Kitchen,5,2270.6,11353.0,Net Banking
1921,2026-01-21,Customer_158,Sports,3,2167.32,6501.96,Card
1922,2026-08-11,Customer_164,Clothing,3,1984.9,5954.7,Net Banking
1923,2026-08-06,Customer_21,Electronics,2,1644.77,3289.54,Cash
1924,2026-03-23,Customer_75,Books,3,2783.42,8350.26,Net Banking
1925,2026-03-11,Customer_200,Sports,3,3403.35,10210.05,Net Banking
1926,2026-04-16,Customer_48,Clothing,1,693.92,693.92,Card
1927,2026-06-19,Customer_191,Home & Kitchen,1,1065.99,1065.99,Net Banking
1928,2026-01-27,Customer_17,Electronics,4,2535.69,10142.76,UPI
1929,2026-07-17,Customer_135,Sports,1,602.09,602.09,Card
1930,2026-01-22,Customer_100,Books,3,1147.7,3443.1,Cash
1931,2026-04-24,Customer_33,Books,2,2441.33,4882.66,Card
1932,2026-01-08,Customer_170,Electronics,3,3892.6,11677.8,Cash
1933,2026-08-10,Customer_120,Sports,5,4216.63,21083.15,Net Banking
1934,2026-02-04,Customer_139,Books,2,2720.11,5440.22,Net Banking
1935,2026-06-11,Customer_163,Books,5,2042.15,10210.75,Cash
1936,2026-03-30,Customer_139,Sports,2,3650.48,7300.96,Net Banking
1937,2026-03-20,Customer_106,Home & Kitchen,3,827.37,2482.11,UPI
1938,2026-01-01,Customer_209,Beauty,2,1645.9,3291.8,Net Banking
1939,2026-05-17,Customer_177,Electronics,4,4269.27,17077.08,Net Banking
1940,2026-03-18,Customer_197,Electronics,4,3621.15,14484.6,Card
1941,2026-07-23,Customer_141,Electronics,3,970.28,2910.84,Net Banking
1942,2026-04-12,Customer_42,Clothing,4,3753.66,15014.64,Card
1943,2026-03-09,Customer_109,Electronics,2,2397.25,4794.5,Cash
1944,2026-03-14,Customer_191,Books,5,3668.32,18341.6,Net Banking
1945,2026-02-18,Customer_47,Electronics,2,1409.74,2819.48,Net Banking
1946,2026-06-08,Customer_70,Sports,5,2290.18,11450.9,Cash
1947,2026-01-05,Customer_13,Clothing,5,246.27,1231.35,UPI
1948,2026-03-14,Customer_33,Home & Kitchen,4,3312.92,13251.68,Card
1949,2026-01-24,Customer_4,Clothing,4,1094.77,4379.08,Net Banking
1950,2026-03-21,Customer_96,Sports,4,3181.67,12726.68,UPI
1951,2026-03-26,Customer_216,Electronics,2,393.77,787.54,Net Banking
1952,2026-01-19,Customer_121,Beauty,2,986.04,1972.08,Cash
1953,2026-07-29,Customer_213,Sports,1,680.53,680.53,Card
1954,2026-04-09,Customer_64,Sports,1,1016.43,1016.43,UPI
1955,2026-05-14,Customer_54,Books,4,1842.68,7370.72,Cash
1956,2026-03-24,Customer_162,Clothing,1,3389.55,3389.55,UPI
1957,2026-03-06,Customer_164,Sports,3,1014.45,3043.35,UPI
1958,2026-08-10,Customer_56,Books,1,1176.45,1176.45,Net Banking
1959,2026-03-25,Customer_43,Electronics,3,2693.43,8080.29,Net Banking
1960,2026-07-22,Customer_3,Clothing,1,2677.69,2677.69,Net Banking
1961,2026-06-26,Customer_40,Beauty,3,3502.97,10508.91,Card
1962,2026-02-10,Customer_24,Sports,5,1622.14,8110.7,UPI
1963,2026-01-16,Customer_166,Home & Kitchen,2,3200.78,6401.56,UPI
1964,2026-02-02,Customer_60,Sports,3,4420.29,13260.87,Cash
1965,2026-07-26,Customer_188,Sports,2,242.88,485.76,Net Banking
1966,2026-04-02,Customer_35,Books,3,4059.18,12177.54,Net Banking
1967,2026-06-30,Customer_144,Sports,3,2510.89,7532.67,Net Banking
1968,2026-02-18,Customer_48,Beauty,5,1662.34,8311.7,Net Banking
1969,2026-03-12,Customer_142,Beauty,2,449.61,899.22,Card
1970,2026-04-26,Customer_210,Home & Kitchen,3,2505.99,7517.97,Net Banking
1971,2026-01-01,Customer_130,Books,4,3341.41,13365.64,UPI
1972,2026-06-08,Customer_199,Home & Kitchen,5,1188.72,5943.6,UPI
1973,2026-06-18,Customer_210,Beauty,4,975.93,3903.72,Net Banking
1974,2026-07-16,Customer_40,Beauty,5,1381.61,6908.05,Net Banking
1975,2026-06-14,Customer_29,Home & Kitchen,1,2425.92,2425.92,UPI
1976,2026-01-12,Customer_46,Clothing,1,1029.04,1029.04,Net Banking
1977,2026-02-19,Customer_9,Electronics,5,2941.62,14708.1,Net Banking
1978,2026-06-18,Customer_135,Sports,5,3200.72,16003.6,Cash
1979,2026-01-13,Customer_57,Home & Kitchen,5,3272.63,16363.15,UPI
1980,2026-02-23,Customer_126,Books,1,2186.06,2186.06,UPI
1981,2026-04-03,Customer_191,Beauty,4,3725.82,14903.28,UPI
1982,2026-07-30,Customer_69,Beauty,5,326.84,1634.2,UPI
1983,2026-08-02,Customer_20,Home & Kitchen,2,4328.55,8657.1,UPI
1984,2026-01-26,Customer_60,Books,5,1826.19,9130.95,Card
1985,2026-05-15,Customer_64,Books,5,2870.16,14350.8,Card
1986,2026-05-23,Customer_143,Books,4,3395.57,13582.28,Cash
1987,2026-06-22,Customer_180,Sports,4,3990.28,15961.12,Card
1988,2026-07-22,Customer_141,Clothing,4,2345.41,9381.64,Card
1989,2026-05-17,Customer_114,Beauty,3,4075.81,12227.43,Cash
1990,2026-08-05,Customer_106,Home & Kitchen,4,3743.77,14975.08,Cash
1991,2026-06-05,Customer_145,Clothing,5,1080.59,5402.95,Cash
1992,2026-04-03,Customer_115,Sports,4,150.85,603.4,UPI
1993,2026-03-14,Customer_5,Beauty,5,737.62,3688.1,Cash
1994,2026-01-02,Customer_57,Home & Kitchen,2,3872.38,7744.76,UPI
1995,2026-07-17,Customer_211,Books,3,4148.14,12444.42,Card
1996,2026-01-25,Customer_118,Electronics,3,829.07,2487.21,Cash
1997,2026-04-04,Customer_64,Beauty,2,1264.66,2529.32,Cash
1998,2026-01-24,Customer_103,Beauty,5,4142.79,20713.95,UPI
1999,2026-07-05,Customer_203,Home & Kitchen,4,902.13,3608.52,UPI
2000,2026-06-02,Customer_77,Books,1,3328.93,3328.93,Net Banking
